source_number;source_title;replacement_title_en;replacement_title_tr;level;sentences;questions
1;001-Amy's Restaurant (Amy'nin Restoranı);A Neighborhood Restaurant: More Than a Menu;Bir Mahalle Restoranı: Menünün Ötesinde;A1;15;5
2;002-Cinemas (Sinemalar);Cinemas in the Age of Streaming;Dijital Yayın Çağında Sinemalar;A1;15;5
3;003-Derek (Derek);Derek and a Career with Animals;Derek ve Hayvanlarla Bir Kariyer;A1;15;5
4;004-Jim (Jim);Jim: Work, Family, and Time;Jim: İş, Aile ve Zaman;A1;15;5
5;005-Joan (Joan);Joan Learns New Technology at Work;Joan İş Yerinde Yeni Teknoloji Öğreniyor;A1;15;5
6;006-Kate (Kate);Kate's Busy Week;Kate'in Yoğun Haftası;A1;15;5
7;007-Letter from Halima and Ahmed (Halima ve Ahmed'den Mektup);A Letter from Halima and Ahmed: Discovering a New City;Halima ve Ahmed'den Mektup: Yeni Bir Şehri Keşfetmek;A1;15;5
8;008-Letter from Pam (Pam'den Mektup);Pam's Letter: Starting Work in a New Place;Pam'in Mektubu: Yeni Bir Yerde İşe Başlamak;A1;15;5
9;009-New York University (New York Üniversitesi);Studying at New York University;New York Üniversitesi'nde Öğrenim;A1;15;5
10;010-Roland-Evi-Della (Roland-Evi-Della);Friends, Hobbies, and Sport;Arkadaşlar, Hobiler ve Spor;A1;15;5
11;011-The Garston Family (Garston Ailesi);The Garston Family and Their Daily Routine;Garston Ailesi ve Günlük Düzenleri;A1;15;5
12;012-The Old England Restaurant (Eski İngiltere Restoranı);The Old England Restaurant: Food, Service, and Atmosphere;Eski İngiltere Restoranı: Yemek, Hizmet ve Atmosfer;A1;15;5
13;013-The Statue of Liberty (Özgürlük Heykeli);The Statue of Liberty: A Symbol in New York Harbor;Özgürlük Heykeli: New York Limanı'nda Bir Sembol;A1;15;5
14;014-University of London (Londra Üniversitesi);The University of London: Learning Across a City;Londra Üniversitesi: Bir Şehir Boyunca Öğrenmek;A1;15;5
15;015-Young Love (Genç Aşk);Young Love, Music, and Identity;Genç Aşk, Müzik ve Kimlik;A1;15;5
16;016-A Meeting (Bir Toplantı);A Productive Meeting;Verimli Bir Toplantı;A2;15;5
17;017-Afghanistan’s deadly crop flourishes again (Afganistan'ın ölümcül ürünü yeniden gelişiyor);Afghanistan's Opium Economy: A Difficult Cycle;Afganistan'ın Afyon Ekonomisi: Zor Bir Döngü;A2;15;5
18;018-Airline Security (Havayolu Güvenliği);Airline Security: Protection and Fair Treatment;Havayolu Güvenliği: Koruma ve Adil Muamele;A2;15;5
19;019-Alfred Hitchcock (Alfred Hitchcock);Alfred Hitchcock and the Art of Suspense;Alfred Hitchcock ve Gerilim Sanatı;A2;15;5
20;020-Cats (Kediler);Cats: Companionship and Responsible Care;Kediler: Arkadaşlık ve Sorumlu Bakım;A2;15;5
21;021-Charlie Chaplin (Charlie Chaplin);Charlie Chaplin: Comedy in a Changing World;Charlie Chaplin: Değişen Bir Dünyada Komedi;A2;15;5
22;022-Charlie Chaplin (Charlie Chaplin);Charlie Chaplin as an Artist and Filmmaker;Bir Sanatçı ve Sinemacı Olarak Charlie Chaplin;A2;15;5
23;023-Dreams (Rüyalar);Dreams: What Happens While We Sleep?;Rüyalar: Uyurken Ne Olur?;A2;15;5
24;024-Elvis Presley (Elvis Presley);Elvis Presley and the Rise of Rock and Roll;Elvis Presley ve Rock'n Roll'un Yükselişi;A2;15;5
25;025-Emotions and Thoughts (Duygular ve Düşünceler);Emotions and Thoughts: Understanding Our Reactions;Duygular ve Düşünceler: Tepkilerimizi Anlamak;A2;15;5
26;026-FC Barcelona: More Than a Club (FC Barcelona: Bir Kulüpten Daha Fazlası);FC Barcelona: Sport, Identity, and Community;FC Barcelona: Spor, Kimlik ve Topluluk;A2;15;5
27;027-Football: The World's Most Popular Sport (Futbol: Dünyanın En Popüler Sporu);Football: Why the World Plays the Same Game;Futbol: Dünya Neden Aynı Oyunu Oynuyor?;A2;15;5
28;028-Giovanna Amati: One Fast Woman (Giovanna Amati: Hızlı Bir Kadın);Giovanna Amati: Breaking Barriers in Motor Racing;Giovanna Amati: Motor Sporlarında Engelleri Aşmak;A2;15;5
29;029-Going to Britain (İngiltere'ye Gidiş);Going to Britain: Planning a Practical Trip;Britanya'ya Gitmek: Pratik Bir Seyahat Planlamak;A2;15;5
30;030-Grandmother's Glasses (Anneannenin Gözlüğü);Grandmother's Glasses: A Small Family Mystery;Büyükannenin Gözlükleri: Küçük Bir Aile Gizemi;A2;15;5
31;031-Home Sweet Home (Yuva Tatlı Yuva);Home Sweet Home: Why Familiar Places Matter;Evim Güzel Evim: Tanıdık Mekânlar Neden Önemlidir?;A2;15;5
32;032-Job Advertisements (İş İlanları);How to Read a Job Advertisement;İş İlanı Nasıl Okunur?;A2;15;5
33;033-Job Centre Leaflet (İş Merkezi Broşürü);Using a Job Centre Effectively;İş Bulma Merkezini Etkili Kullanmak;A2;15;5
34;034-Lebrat's Visit (Lebrat'ın Ziyareti);A Business Visit: Turning a Meeting into Cooperation;İş Ziyareti: Bir Toplantıyı İş Birliğine Dönüştürmek;A2;15;5
35;035-Longleat House (Longleat Evi);Longleat House: Heritage as a Living Place;Longleat House: Yaşayan Bir Miras Alanı;A2;15;5
36;036-Mahatma Gandhi (Mahatma Gandhi);Mahatma Gandhi and Nonviolent Political Action;Mahatma Gandhi ve Şiddetsiz Siyasal Eylem;A2;15;5
37;037-Mammals (Memeliler);Mammals: A Diverse Branch of Animal Life;Memeliler: Hayvan Yaşamının Çeşitli Bir Dalı;A2;15;5
38;038-Men in Skirts (Etekli Erkekler);Clothing, Gender, and Cultural Tradition;Giyim, Cinsiyet ve Kültürel Gelenek;A2;15;5
39;039-Ölüdeniz: Turkey's Blue Lagoon (Ölüdeniz: Türkiye'nin Mavi Lagünü);Ölüdeniz: Tourism and Care for a Blue Lagoon;Ölüdeniz: Mavi Lagünde Turizm ve Koruma;A2;15;5
40;040-Parachuting (Paraşütle Atlama);Parachuting: Training Before the Jump;Paraşütle Atlama: Atlayıştan Önce Eğitim;A2;15;5
41;041-Picking Apples - A New England Tradition (Elma Toplamak - Bir New England Geleneği);Apple Picking: A New England Autumn Tradition;Elma Toplama: New England'da Bir Sonbahar Geleneği;A2;15;5
42;042-Plaza Shopping Centre (Plaza Alışveriş Merkezi);Shopping Centres: Convenience and Choice;Alışveriş Merkezleri: Kolaylık ve Seçenek;A2;15;5
43;043-San Francisco (San Francisco);San Francisco: A City Shaped by Land and Water;San Francisco: Kara ve Suyun Şekillendirdiği Bir Şehir;A2;15;5
44;044-Selton's Second Shopping Centre (Selton'un İkinci AVM'si);A Second Shopping Centre: Growth or Too Much Competition?;İkinci Bir Alışveriş Merkezi: Büyüme mi, Aşırı Rekabet mi?;A2;15;5
45;045-Small Cars (Küçük Arabalar);Small Cars in a Changing Transport System;Değişen Ulaşım Sisteminde Küçük Otomobiller;A2;15;5
46;046-Space Hotels (Uzay Otelleri);Space Hotels: Tourism Beyond Earth;Uzay Otelleri: Dünya'nın Ötesinde Turizm;A2;15;5
47;047-Super Tanker Disaster (Süper Tanker Felaketi);Oil Tanker Accidents: Response, Recovery, and Prevention;Petrol Tankeri Kazaları: Müdahale, İyileştirme ve Önleme;A2;15;5
48;048-Technology Pros and Cons (Teknolojinin Artıları ve Eksileri);Technology: Benefits, Risks, and Responsible Choices;Teknoloji: Yararlar, Riskler ve Sorumlu Tercihler;A2;15;5
49;049-The Hebrides Islands (Hebrides Adalari);The Hebrides: Island Life on Scotland's Atlantic Edge;Hebridler: İskoçya'nın Atlantik Kıyısında Ada Yaşamı;A2;15;5
50;050-The International Hotel (Uluslararası Otel);International Hotels: Serving Guests Across Cultures;Uluslararası Oteller: Farklı Kültürlerden Konuklara Hizmet;A2;15;5
51;051-The Invention of the Telephone (Telefonun İcadı);The Invention of the Telephone: From Experiment to Network;Telefonun İcadı: Deneyden İletişim Ağına;A2;15;5
52;052-The Olympic Games (Olimpiyat Oyunları);The Olympic Games: Competition and International Ideals;Olimpiyat Oyunları: Rekabet ve Uluslararası İdealler;A2;15;5
53;053-The Olympic Games (Olimpiyat Oyunları);The Olympic Games: Sport, Culture, and Shared Attention;Olimpiyat Oyunları: Spor, Kültür ve Ortak İlgi;A2;15;5
54;054-The Virtual Beach but Real Fun (Sanal Plaj ama Gercek Eglence);The Virtual Beach: Real Fun in a Simulated World;Sanal Plaj: Simüle Edilmiş Bir Dünyada Gerçek Eğlence;A2;15;5
55;055-Tom's Diary (Tom'un Günlüğü);Tom's Diary: How Daily Writing Preserves Experience;Tom'un Günlüğü: Günlük Yazmak Deneyimi Nasıl Korur?;A2;15;5
56;056-Transportation in Turkey (Türkiye'de Ulaşım);Transportation in Turkey: Connecting a Large and Varied Country;Türkiye'de Ulaşım: Büyük ve Çeşitli Bir Ülkeyi Birbirine Bağlamak;A2;15;5
57;057-Various Advertisements (Çeşitli İlanlar);Reading Advertisements Critically;Reklamları Eleştirel Okumak;A2;15;5
58;058-Visiting Japan (Japonya'yı Ziyaret Etmek);Visiting Japan: Respect, Preparation, and Discovery;Japonya'yı Ziyaret Etmek: Saygı, Hazırlık ve Keşif;A2;15;5
59;059-William Shakespeare (William Shakespeare);William Shakespeare: Theatre, Language, and Lasting Influence;William Shakespeare: Tiyatro, Dil ve Kalıcı Etki;A2;15;5
60;060-Winter: The Coldest Season (Kış: En Soğuk Mevsim);Winter: Life in the Coldest Season;Kış: En Soğuk Mevsimde Yaşam;A2;15;5
61;061-World in Danger (Dünyamız Tehlikede);A World in Danger: Protecting Shared Natural Systems;Tehlikedeki Dünya: Ortak Doğal Sistemleri Korumak;A2;15;5
62;062-Young Communicators on the EU Path Competition (AB Yolunda Genç İletişimciler Yarışması);Young Communicators on the EU Path;AB Yolunda Genç İletişimciler;A2;15;5
63;063-A Case for Safety (Güvenlik İçin Bir Dava);A Case for Safety: Preventing Everyday Accidents;Güvenlik İçin Bir Gerekçe: Günlük Kazaları Önlemek;B1;15;5
64;064-A Good Life (İyi Bir Yaşam);A Good Life: More Than Money or Comfort;İyi Bir Yaşam: Para ve Rahatlıktan Daha Fazlası;B1;15;5
65;065-A Healthy Diet for Everyone (Herkes İçin Sağlıklı Bir Diyet);A Healthy Diet for Everyone;Herkes İçin Sağlıklı Beslenme;B1;15;5
66;066-A Land of Immigrants (Bir Göçmenler Ülkesi);A Land of Immigrants: Migration and the Making of Society;Göçmenler Ülkesi: Göç ve Toplumun Oluşumu;B1;15;5
67;067-Aborigines: The Native Australians (Aborijinler: Yerli Avustralyalılar);Aboriginal Australians: The World's Oldest Continuing Cultures;Aborjin Avustralyalılar: Dünyanın En Eski Süregelen Kültürlerinden Biri;B1;15;5
68;068-Aktekke Mosque (Aktekke Camii);Aktekke Mosque: Architecture, Worship, and Urban Memory;Aktekke Camii: Mimari, İbadet ve Kentsel Hafıza;B1;15;5
69;069-All You Want to Learn about Corn (Mısır Hakkında Öğrenmek İstediğiniz Her Şey);Corn: From Field to Food and Industry;Mısır: Tarladan Gıdaya ve Sanayiye;B1;15;5
70;070-Ancient Artifacts and Ancient Air (Antik Eserler ve Antik Hava);Ancient Artifacts: What Objects Can Tell Us About the Past;Antik Eserler: Nesneler Geçmiş Hakkında Ne Anlatabilir?;B1;15;5
71;071-Animals (Hayvanlar);Animals: Diversity, Adaptation, and Survival;Hayvanlar: Çeşitlilik, Uyum ve Hayatta Kalma;B1;15;5
72;072-Animals: Blessings of Nature (Hayvanlar: Doğanın Nimettleri);Animals as Essential Partners in Ecosystems;Ekosistemlerin Vazgeçilmez Ortakları Olarak Hayvanlar;B1;15;5
73;073-Astrology: A System of Belief (Astroloji: Bir İnanç Sistemi);Astrology: Cultural Meaning and Scientific Evidence;Astroloji: Kültürel Anlam ve Bilimsel Kanıt;B1;15;5
74;074-Attitudes towards Money (Paraya Karşı Tutumlar);Attitudes toward Money: Security, Status, and Choice;Paraya Yönelik Tutumlar: Güvenlik, Statü ve Tercih;B1;15;5
75;075-Base-Jumping (Base-Atlama);BASE Jumping: Extreme Sport and Narrow Safety Margins;BASE Jumping: Ekstrem Spor ve Dar Güvenlik Payları;B1;15;5
76;076-Beating The Bullies (Zorbaları Yenmek);Beating the Bullies: Prevention, Support, and School Culture;Zorbalıkla Mücadele: Önleme, Destek ve Okul Kültürü;B1;15;5
77;077-Blue-Jeans (Kot Pantolon);Blue Jeans: From Workwear to Global Fashion;Mavi Kot Pantolon: İş Giysisinden Küresel Modaya;B1;15;5
78;078-Breast Cancer (Meme Kanseri);Breast Cancer: Awareness, Detection, and Treatment;Meme Kanseri: Farkındalık, Tanı ve Tedavi;B1;15;5
79;079-Cities in the Sea (Denizdeki Şehirler);Cities in the Sea: Engineering for a Crowded Coast;Denizde Şehirler: Kalabalık Kıyılar İçin Mühendislik;B1;15;5
80;080-Climber Fights For Life On Mountain (Dağcı Dağda Hayatı İçin Savaşıyor);Mountain Rescue: When a Climber's Life Depends on Decisions;Dağ Kurtarma: Bir Dağcının Yaşamı Kararlara Bağlı Olduğunda;B1;15;5
81;081-Comets (Kuyruklu Yıldızlar);Comets: Icy Visitors to the Inner Solar System;Kuyruklu Yıldızlar: İç Güneş Sisteminin Buzlu Ziyaretçileri;B1;15;5
82;082-Corn (Mısır);Corn Through History: A Crop Shaped by People;Tarih Boyunca Mısır: İnsanların Şekillendirdiği Bir Ürün;B1;15;5
83;083-Culture Shock! (Kültür Şoku!);Culture Shock: Learning to Live with Unfamiliar Rules;Kültür Şoku: Tanıdık Olmayan Kurallarla Yaşamayı Öğrenmek;B1;15;5
84;084-Demand for beef speeds destruction of Amazon forest (Sığır eti talebi Amazon ormanının yıkımını hızlandırıyor);Beef Demand and Amazon Deforestation;Sığır Eti Talebi ve Amazon Ormansızlaşması;B1;15;5
85;085-Diana, Princess of Wales: The People's Princess (Galler Prensesi Diana: Halkın Prensesi);Diana, Princess of Wales: Public Life and Humanitarian Influence;Galler Prensesi Diana: Kamusal Yaşam ve İnsani Etki;B1;15;5
86;086-Disabled at Work Project Wins European Award (Engelliler Çalışıyor Projesi'ne Avrupa Ödülü);Disabled at Work: Building Inclusive Employment;İş Yaşamında Engellilik: Kapsayıcı İstihdam Oluşturmak;B1;15;5
87;087-Downhill All The Way - To Casualty (Tam Gaz Aşağı - Hastaneye Kadar);Downhill All the Way: Speed, Skill, and Injury Risk;Yokuş Aşağı Sonuna Kadar: Hız, Beceri ve Yaralanma Riski;B1;15;5
88;088-Earthquake Prediction (Deprem Tahmini);Earthquake Prediction: What Science Can and Cannot Do;Deprem Tahmini: Bilimin Yapabildikleri ve Yapamadıkları;B1;15;5
89;089-Future of Rail Transport (Demiryolu Taşımacılığının Geleceği);The Future of Rail Transport;Demiryolu Ulaşımının Geleceği;B1;15;5
90;090-Gandhi Indian Restaurant (Gandhi Hint Restoranı);An Indian Restaurant: Food, Service, and Cultural Adaptation;Bir Hint Restoranı: Yemek, Hizmet ve Kültürel Uyum;B1;15;5
91;091-Giovanna Amati: One Fast Woman (Giovanna Amati: Hızlı Bir Kadın);Giovanna Amati: Talent, Opportunity, and Racing Careers;Giovanna Amati: Yetenek, Fırsat ve Yarış Kariyeri;B1;15;5
92;092-Growing Up (Büyümek);Growing Up: Change, Independence, and Responsibility;Büyümek: Değişim, Bağımsızlık ve Sorumluluk;B1;15;5
93;093-Hair Loss: Causes and Prevalence (Saç Dökülmesi: Nedenleri ve Yaygınlığı);Hair Loss: Causes, Patterns, and Practical Responses;Saç Dökülmesi: Nedenler, Örüntüler ve Pratik Yaklaşımlar;B1;15;5
94;094-Halley's Comet (Halley Kuyruklu Yıldızı);Halley's Comet: A Predictable Visitor from Deep Space;Halley Kuyruklu Yıldızı: Derin Uzaydan Öngörülebilir Bir Ziyaretçi;B1;15;5
95;095-Harrods: A Different World (Harrods: Farklı Bir Dünya);Harrods: Retail, Luxury, and the Department Store Experience;Harrods: Perakende, Lüks ve Büyük Mağaza Deneyimi;B1;15;5
96;096-High-Rise (Yüksek Binalar);High-Rise Buildings: Building Upward in Dense Cities;Yüksek Katlı Binalar: Yoğun Şehirlerde Yukarı Doğru İnşa Etmek;B1;15;5
97;097-How New York Began (New York Nasil Basladi);How New York Began: From Harbor Settlement to Global City;New York Nasıl Başladı: Liman Yerleşiminden Küresel Kente;B1;15;5
98;098-Indigenous Australia (Yerli Avustralya);Indigenous Australia: Country, Culture, and Continuing Rights;Yerli Avustralya: Toprak, Kültür ve Süregelen Haklar;B1;15;5
99;099-Inflation (Enflasyon);Inflation: Why Prices Rise and Why It Matters;Enflasyon: Fiyatlar Neden Yükselir ve Neden Önemlidir?;B1;15;5
100;100-Internet as News Source (İnternet Haber Kaynağı);The Internet as a News Source: Speed, Access, and Verification;Haber Kaynağı Olarak İnternet: Hız, Erişim ve Doğrulama;B1;15;5
